GROWTH STAGE,Week,Contrast,Correlation,Energy,Homogeneity,Entropy,Variance_H4,Info_meas_corr2_H13,Info_meas_corr1_H12,Biomass Area
Vegetative,1,0.02475,0.8999,0.98675,0.99835,0.0927,1.1451,0.3134,-0.809,360550
Vegetative,1,0.0537,0.8501,0.9777,0.99645,0.1438,1.2294,0.3689,-0.7564,206090
Vegetative,1,0.03415,0.8945,0.98285,0.99755,0.1144,1.1978,0.3404,-0.7835,17141
Vegetative,1,0.018,0.92895,0.98835,0.99875,0.0842,1.1456,0.3075,-0.8463,18208
Vegetative,1,0.005,0.97955,0.9912,0.9995,0.0687,1.1359,0.2905,-0.9195,33800
Vegetative,1,0.0124,0.9589,0.9888,0.99905,0.0833,1.1748,0.3091,-0.8686,22734
Vegetative,1,0.00855,0.48875,0.99035,0.9994,0.0737,1.1627,0.2975,-0.9018,31016
Vegetative,1,0.00615,0.9821,0.98855,0.99935,0.0881,1.2004,0.3255,-0.9202,28416
Vegetative,1,0.0039,0.95955,0.99645,0.9997,0.0294,1.0353,0.1951,-0.9116,18095
Vegetative,1,0.0053,0.965,0.9945,0.9996,0.0446,1.0728,0.2366,-0.9017,17898
Vegetative,1,0.0054,0.98245,0.98975,0.99935,0.0785,1.1781,0.308,-0.913,33800
Vegetative,1,0.01005,0.93865,0.9936,0.9993,0.0481,1.0806,0.2364,-0.8423,42894
Vegetative,1,0.06785,0.857,0.9715,0.9955,0.1799,1.313,0.4072,-0.7566,39794
Vegetative,1,0.04885,0.81055,0.98395,0.99705,0.1002,1.1541,0.3075,-0.725,18534
Vegetative,1,0.02445,0.91985,0.98765,0.9985,0.0873,1.1785,0.3095,-0.8251,18416
Vegetative,1,0.07375,0.8627,0.96695,0.99535,0.2083,1.3603,0.4365,-0.7662,20851
Vegetative,1,0.06195,0.91725,0.96285,0.9956,0.2443,1.5027,0.4797,-0.8112,18208
Vegetative,1,0.00355,0.9495,0.9974,0.9998,0.022,1.0169,0.1692,-0.9059,33800
Vegetative,1,0.05,0.66405,0.98695,0.99715,0.0771,1.0808,0.2613,-0.6644,22734
Vegetative,1,0.07335,0.84115,0.96815,0.9949,0.1967,1.3114,0.4204,-0.7487,36416
Vegetative,1,0.0255,0.83005,0.99165,0.99855,0.0551,1.0747,0.2372,-0.7473,48561
Vegetative,1,0.0209,0.8533,0.9925,0.99865,0.0502,1.0686,0.2287,-0.7571,47900
Vegetative,1,0.00625,0.90455,0.9968,0.99955,0.0248,1.0147,0.1721,-0.8356,46994
Vegetative,1,0.02405,0.63135,0.99405,0.99855,0.0355,1.0178,0.1764,-0.6265,40194
Vegetative,1,0.02435,0.84995,0.99015,0.99835,0.0667,1.0853,0.2638,-0.7688,19634
Vegetative,1,0.00855,0.932,0.9947,0.9994,0.041,1.0557,0.2201,-0.8504,29816
Vegetative,1,0.02,0.9127,0.99065,0.99875,0.0657,1.1253,0.2694,-0.8133,19816
Vegetative,1,0.07235,0.81955,0.97545,0.99535,0.1512,1.2565,0.368,-0.7114,21511
Vegetative,1,0.09865,0.8222,0.9627,0.9939,0.2274,1.3792,0.4476,-0.7463,19023.36
Vegetative,1,0.00125,0.96925,0.9984,0.9999,0.0139,0.9966,0.1377,-0.9278,16740.56
Vegetative,2,0.0045,0.96665,0.9823,0.99955,0.0557,1.0668,0.2629,0.9159,37328
Vegetative,2,0.00385,0.98075,0.9918,0.9995,0.0638,1.1089,0.2806,-0.9169,23700
Vegetative,2,0.00375,0.9714,0.99295,0.99955,0.0547,1.0632,0.2627,-0.929,22766
Vegetative,2,0.003,0.9792,0.9911,0.99955,0.0671,1.0765,0.2877,-0.9297,70054
Vegetative,2,0.0072,0.9702,0.98635,0.9991,0.098,1.1464,0.3388,-0.9067,73243
Vegetative,2,0.00555,0.9841,0.98705,0.99935,0.0967,1.2101,0.3379,-0.9265,83790
Vegetative,2,0.0028,0.9813,0.9875,0.99965,0.0635,1.0772,0.2819,-0.9443,80438
Vegetative,2,0.0043,0.98275,0.98745,0.9994,0.094,1.1483,0.3349,-0.9332,74573
Vegetative,2,0.0063,0.98105,0.9791,0.9989,0.1431,1.2171,0.4004,-0.9161,21855
Vegetative,2,0.0051,0.98345,0.98415,0.9991,0.1172,1.1924,0.3677,0.9171,21418
Vegetative,2,0.0034,0.97095,0.9928,0.9995,0.0563,1.0545,0.2635,-0.9076,34715
Vegetative,2,0.00103,0.9743,0.998,0.99985,0.0166,0.9973,0.1499,-0.9206,64454
Vegetative,2,0.01295,0.9767,0.96735,0.99805,0.2236,1.3826,0.4809,-0.9026,20856
Vegetative,2,0.0063,0.9867,0.97415,0.9987,0.1769,1.3174,0.4397,-0.9235,29198
Vegetative,2,0.00445,0.9834,0.9874,0.99945,0.092,1.1605,0.3326,-0.9342,37776
Vegetative,2,0.00075,0.97945,0.9981,0.9999,0.0159,0.9952,0.1468,-0.9368,29465
Vegetative,2,0.00405,0.98395,0.9874,0.9994,0.0939,1.1505,0.3364,-0.9346,17047
Vegetative,2,0.0023,0.9629,0.9959,0.9998,0.0322,1.0161,0.2029,-0.919,35038
Vegetative,2,0.00205,0.9666,0.99775,0.9998,0.019,1.0106,0.1593,-0.9172,32585
Vegetative,2,0.0045,0.973,0.9896,0.9994,0.0807,1.0923,0.3122,-0.92,72897
Vegetative,2,0.00525,0.96855,0.9929,0.9996,0.0551,1.0852,0.2609,-0.9137,20763
Vegetative,2,0.0017,0.97305,0.9959,0.9998,0.0319,1.0156,0.2025,-0.9341,20347
Vegetative,2,0.003,0.98125,0.9929,0.9996,0.0548,1.0822,0.2633,-0.9306,32979
Vegetative,2,0.0015,0.9824,0.99455,0.9998,0.042,1.0322,0.2321,-0.9369,61231
Vegetative,2,0.0013,0.97215,0.9972,0.9998,0.023,1.0033,0.1733,-0.9137,33111
Vegetative,2,0.0035,0.96755,0.99515,0.9997,0.0401,1.0441,0.226,-0.9146,33442
Vegetative,2,0.0036,0.9743,0.99235,0.9996,0.0583,1.071,0.2686,-0.9236,70786
Vegetative,2,0.01025,0.97225,0.9795,0.9989,0.1506,1.2386,0.4111,-0.9123,69370
Vegetative,2,0.00345,0.94875,0.9965,0.9997,0.0279,1.0171,0.1855,-0.873,58965
Vegetative,2,0.0047,0.982,0.99075,0.99945,0.0709,1.1478,0.294,-0.918,51299
Head development,3,0.04185,0.943,0.9133,0.99245,0.5312,1.5854,0.6534,-0.847,4.05E+05
Head development,3,0.1226,0.9535,0.89235,0.99255,0.6617,2.8801,0.8689,-0.8689,1.13E+05
Head development,3,0.07515,0.97105,0.83705,0.99025,1.0039,3.0304,0.806,-0.8834,1.35E+05
Head development,3,0.12135,0.9638,0.8357,0.9895,0.0138,3.5174,0.8143,-0.8851,63264
Head development,3,0.0271,0.9856,0.8514,0.9932,0.9129,2.5141,0.7884,-0.9059,1.11E+05
Head development,3,0.0386,0.89275,0.8952,0.9871,1.2001,2.7887,0.8392,-0.8772,4.00E+05
Head development,3,0.04515,0.97815,0.8069,0.9857,1.1789,2.7338,0.8337,-0.8679,1.83E+05
Head development,3,0.0775,0.97695,0.7236,0.9867,1.6706,3.9096,0.9006,-0.8858,4.39E+05
Head development,3,0.0735,0.97265,0.78465,0.98655,1.3231,3.1959,0.8592,-0.8627,3.51E+05
Head development,3,0.14845,0.9651,0.7266,0.98415,1.6837,4.4883,0.9044,-0.8756,2.00E+05
Head development,3,0.1102,0.97635,0.73595,0.98445,1.6185,4.7705,0.8957,-0.8702,5.79E+05
Head development,3,0.08915,0.9805,0.73055,0.9841,1.644,4.7421,0.8981,-0.8756,2.08E+05
Head development,3,0.0714,0.9653,0.8025,0.98635,1.1981,2.7232,0.8329,-0.8475,6.96E+05
Head development,3,0.04745,0.9758,0.858,0.9917,0.8793,2.5409,0.7764,-0.8789,2.69E+05
Head development,3,0.12405,0.96765,0.79195,0.9856,1.2961,3.9717,0.8599,-0.8715,1.41E+05
Head development,3,0.0821,0.9753,0.754,0.98695,1.5031,3.7547,0.8848,-0.8801,2.51E+05
Head development,3,0.17665,0.95865,0.73995,0.9833,1.6034,4.3982,0.8978,-0.8716,2.19E+05
Head development,3,0.02675,0.98085,0.8482,0.9935,0.9272,2.1794,0.7919,-0.9062,2.11E+05
Head development,3,0.02945,0.98015,0.8406,0.99285,0.9702,2.257,0.8007,-0.9049,3.11E+05
Head development,3,0.0749,0.97615,0.73585,0.9867,1.6014,3.69,0.8937,-0.8845,1.79E+05
Head development,3,0.06865,0.97665,0.7399,0.9867,1.5453,3.5772,0.883,-0.8822,80720
Head development,3,0.0419,0.9734,0.84755,0.9916,0.9324,2.301,0.7906,-0.8893,1.46E+05
Head development,3,0.04315,0.9766,0.8421,0.9911,0.9707,2.4986,0.7976,-0.8848,2.90E+05
Head development,3,0.1213,0.96815,0.7803,0.985,1.36,3.9949,0.8682,-0.8721,1.30E+05
Head development,3,0.1174,0.969,0.7793,0.9851,1.366,3.9839,0.8687,-0.8731,2.87E+05
Head development,3,0.05305,0.9785,0.8317,0.9919,1.0359,2.9572,0.8178,-0.9049,1.21E+05
Head development,3,0.047,0.9812,0.82675,0.9901,1.0613,3.0035,0.8163,-0.886,37792
Head development,3,0.04485,0.981,0.81165,0.9902,1.1418,2.9486,0.8289,-0.8854,35469
Head development,3,0.02995,0.986,0.84625,0.9935,0.9679,2.6893,0.8078,-0.9141,1.95E+05
Head development,5,0.0347,0.9831,0.8425,0.99085,0.9786,2.6444,0.8013,-0.8868,2.13E+05
Head development,4,0.06105,0.9637,0.90945,0.99225,0.5891,2.2176,0.6827,-0.8509,1.15E+06
Head development,4,0.04545,0.88315,0.95885,0.99415,0.2635,1.2801,0.4815,-0.7669,3.35E+05
Head development,4,0.057,0.9317,0.91655,0.9932,0.5188,1.6495,0.6472,-0.8423,1.08E+06
Head development,4,0.0691,0.92465,0.93425,0.99135,0.4231,1.6678,0.59,-0.7924,8.80E+05
Head development,4,0.08875,0.9299,0.91075,0.9899,0.5617,1.9398,0.657,-0.8004,3.80E+05
Head development,4,0.03755,0.94265,0.9632,0.99705,0.2456,1.4411,0.4958,-0.8664,3.14E+05
Head development,4,0.0252,0.92405,0.9723,0.9973,0.1863,1.2237,0.4339,-0.8394,1.49E+06
Head development,4,0.07525,0.95685,0.9103,0.9937,0.5712,2.2532,0.6805,-0.8702,4.51E+05
Head development,4,0.0265,0.9561,0.9574,0.99665,0.2858,1.4252,0.5257,-0.8688,2.59E+05
Head development,4,0.04725,0.9462,0.94805,0.99575,0.3444,1.6171,0.5641,-0.8597,1.87E+06
Head development,4,0.07495,0.952,0.9181,0.99145,0.5344,2.1171,0.6569,-0.8367,3.12E+05
Head development,4,0.09915,0.83935,0.9509,0.99145,0.308,1.4403,0.5026,-0.7287,3.22E+05
Head development,4,0.0608,0.91475,0.9549,0.99455,0.2998,1.4947,0.5222,-0.8084,1.18E+06
Head development,4,0.11335,0.90515,0.93315,0.9909,0.4156,1.8442,0.5804,-0.7725,1.12E+06
Head development,4,0.064,0.9034,0.9419,0.9918,0.3744,1.4842,0.5574,-0.7705,9.65E+05
Head development,4,0.01085,0.96785,0.98075,0.9898,0.1385,1.2157,0.3945,-0.9112,3.40E+05
Head development,4,0.0666,0.92505,0.9326,0.9905,0.436,1.6536,0.5947,-0.7873,1.45E+06
Head development,4,0.56025,0.8905,0.74685,0.9746,1.3095,5.0838,0.8135,-0.7825,3.81E+05
Head development,4,0.0158,0.97,0.97275,0.9987,0.1892,1.3506,0.4516,-0.9151,1.44E+06
Head development,4,0.03895,0.9509,0.93055,0.99245,0.4606,1.5974,0.62,-0.8315,8.52E+05
Head development,4,0.03255,0.87605,0.9757,0.996,0.1612,1.1712,0.387,-0.7437,44683
Head development,4,0.00745,0.948,0.99225,0.99945,0.0591,1.0723,0.2686,-0.9021,3.12E+05
Head development,4,0.0088,0.9759,0.98015,0.99915,0.1453,1.2346,0.4083,-0.9302,2.03E+05
Head development,4,0.02475,0.954,0.97265,0.99755,0.1867,1.3521,0.4398,-0.8572,69447
Head development,4,0.0147,0.9609,0.97805,0.99885,0.1586,1.2453,0.4207,-0.9152,1.05E+05
Head development,4,0.0344,0.97605,0.8789,0.99555,0.7617,2.1397,0.7549,-0.9192,3.46E+05
Head development,4,0.05415,0.9592,0.9324,0.9941,0.4374,1.9341,0.6135,-0.8474,2.73E+05
Head development,4,0.0361,0.9714,0.9288,0.9961,0.4613,1.9085,0.6379,-0.8987,94963
Head development,4,0.0265,0.9849,0.9038,0.99685,0.6273,2.2784,0.7198,-0.9344,4.41E+05
Head development,4,0.06635,0.94105,0.94595,0.99475,0.3495,1.7663,0.5608,-0.8311,1.23E+05
Head development,5,0.1089,0.95535,0.7922,0.98425,1.2548,2.9936,0.8418,-0.8381,6.25E+05
Head development,5,0.43335,0.93605,0.6824,0.9713,1.8973,6.3584,0.9146,-0.8203,5.18E+05
Head development,5,0.3065,0.93545,0.79655,0.98315,1.236,4.5533,0.8448,-0.8445,1.37E+06
Head development,5,0.358,0.94155,0.7528,0.97995,1.4695,5.588,0.8784,-0.8407,4.78E+05
Head development,5,0.26985,0.9388,0.81445,0.984,1.1438,4.2263,0.8288,-0.8365,2.99E+05
Head development,5,0.27075,0.93215,0.79795,0.98155,1.2498,3.9935,0.8445,-0.8304,6.03E+05
Head development,5,0.28675,0.95035,0.72705,0.9804,1.6547,5.5211,0.9015,-0.8587,1.37E+05
Head development,5,0.2304,0.94815,0.77275,0.98365,1.408,4.3883,0.8763,-0.8655,1.15E+06
Head development,5,0.2389,0.94645,0.79075,0.98485,1.2934,4.3564,0.8604,-0.8644,1.08E+06
Head development,5,0.24115,0.9257,0.82735,0.98475,1.0687,3.4128,0.8174,-0.8421,1.10E+06
Head development,5,0.25965,0.9237,0.8248,0.9846,1.0796,3.525,0.8193,-0.8427,7.49E+05
Head development,5,0.23525,0.9458,0.79,0.98495,1.3071,4.2621,0.8605,-0.858,8.00E+05
Head development,5,0.2692,0.94455,0.7606,0.9842,1.4673,4.6967,0.8838,-0.8653,8.43E+05
Head development,5,0.2695,0.95005,0.72785,0.9783,1.6693,5.2684,0.8987,-0.8478,8.90E+05
Head development,5,0.2846,0.94735,0.7405,0.97775,1.5887,5.2217,0.8859,-0.8295,1.13E+06
Head development,5,0.2416,0.9472,0.80955,0.98665,1.1723,4.3916,0.8408,-0.8646,1.21E+06
Head development,5,0.0873,0.9828,0.7028,0.98645,1.7519,5.3036,0.9049,-0.8923,3.97E+05
Head development,5,0.07575,0.985,0.75775,0.9893,1.4825,4.9848,0.8852,-0.9033,5.84E+05
Head development,5,0.40055,0.9394,0.7342,0.9779,1.5705,6.0031,0.8893,-0.8403,4.39E+05
Head development,5,0.08015,0.98005,0.815,0.9886,1.1582,3.9645,0.8393,-0.8722,6.13E+05
Head development,5,0.2509,0.9397,0.75315,0.97945,1.52,4.2852,0.8806,-0.8348,4.68E+05
Head development,5,0.24725,0.93805,0.75915,0.9801,1.4914,4.1518,0.879,-0.8428,5.94E+05
Head development,5,0.35115,0.93525,0.7893,0.984,1.2264,4.9542,0.8473,-0.8449,5.55E+05
Head development,5,0.37865,0.9273,0.74605,0.9771,1.5468,5.027,0.884,-0.8341,9.51E+05
Head development,5,0.2263,0.95235,0.82365,0.9858,1.0807,4.4341,0.8201,-0.8488,5.32E+05
Head development,5,0.1952,0.9551,0.80215,0.98505,1.2306,4.211,0.8504,-0.8582,6.90E+05
Head development,5,0.0989,0.96585,0.83315,0.9879,1.0495,3.1943,0.8156,-0.8626,3.28E+05
Head development,5,0.10155,0.96665,0.8266,0.98765,1.0888,3.3164,0.8222,-0.8612,1.34E+06
Head development,5,0.44355,0.9262,0.75425,0.98,1.4633,5.5115,0.88,-0.8452,6.24E+05
Head development,5,0.10855,0.9698,0.79855,0.9888,1.2591,3.7782,0.8554,-0.8799,1.25E+06
Head development,6,0.04845,0.97025,0.9138,0.9947,0.5697,2.1732,0.6859,-0.8843,1.34E+05
Head development,6,0.0944,0.9475,0.9282,0.99435,0.4719,2.2425,0.6363,-0.8637,2.92E+05
Head development,6,0.04735,0.93385,0.96125,0.9966,0.2666,1.484,0.514,-0.8619,5.63E+05
Head development,6,0.0722,0.97355,0.8724,0.99305,0.8054,3.0055,0.7632,-0.8933,1.83E+05
Head development,6,0.1127,0.95885,0.8857,0.99205,0.7195,2.9624,0.7324,-0.8699,2.40E+05
Head development,6,0.07835,0.9517,0.93025,0.9944,0.4665,2.1197,0.6343,-0.8589,2.54E+06
Head development,6,0.0651,0.95975,0.92685,0.99475,0.4917,2.1261,0.6508,-0.8739,2.50E+06
Head development,6,0.06125,0.968,0.9044,0.9948,0.6157,2.3882,0.7064,-0.9004,6.57E+05
Head development,6,0.05435,0.969,0.92555,0.99535,0.4915,2.2237,0.6503,-0.8863,3.30E+05
Head development,6,0.0496,0.9758,0.9076,0.9945,0.5982,2.463,0.6958,-0.8865,3.22E+05
Head development,6,0.05365,0.9596,0.9356,0.99475,0.4384,1.918,0.6224,-0.8645,3.65E+05
Head development,6,0.0619,0.97185,0.9114,0.99515,0.5803,2.5429,0.6922,-0.8994,4.49E+05
Head development,6,0.0721,0.9688,0.9065,0.9934,0.6069,2.6195,0.6948,-0.8679,4.14E+05
Head development,6,0.1001,0.9599,0.89565,0.99315,0.6703,2.7767,0.7198,-0.8794,2.06E+05
Head development,6,0.0835,0.9539,0.9235,0.99455,0.5005,2.2634,0.653,-0.8778,3.79E+05
Head development,6,0.07455,0.96045,0.9228,0.99475,0.5077,2.3121,0.6579,-0.8835,1.24E+05
Head development,6,0.36905,0.92475,0.8644,0.98915,0.7555,4.3784,0.7402,-0.8433,2.06E+05
Head development,6,0.4073,0.9224,0.85865,0.9889,0.7767,4.6202,0.7445,-0.8449,65624
Head development,6,0.0387,0.96045,0.94525,0.9957,0.367,1.6886,0.5784,-0.8634,2.75E+05
Head development,6,0.0581,0.97025,0.91175,0.994,0.5736,2.3893,0.683,-0.8801,97636
Head development,6,0.03525,0.96155,0.9521,0.9971,0.329,1.636,0.5663,-0.903,4.32E+05
Head development,6,0.12145,0.9332,0.9246,0.9938,0.4906,2.2573,0.6457,-0.8536,2.82E+05
Head development,6,0.0416,0.9791,0.91265,0.9965,0.5701,2.4171,0.6935,-0.9246,1.59E+05
Head development,6,0.06465,0.96785,0.9072,0.9946,0.6104,2.4303,0.7049,-0.8934,1.27E+05
Head development,6,0.1072,0.8691,0.9622,0.99635,0.2538,1.5438,0.5023,-0.8468,4.31E+05
Head development,6,0.1705,0.84825,0.9553,0.995,0.2862,1.7429,0.5209,-0.8195,4.26E+05
Head development,6,0.2441,0.94315,0.87235,0.99125,0.7591,3.9788,0.7494,-0.8736,3.61E+05
Head development,6,0.05105,0.9711,0.91715,0.99545,0.5456,2.2603,0.6791,-0.9063,4.12E+05
Head development,6,0.3534,0.93815,0.8518,0.9907,0.8201,4.9788,0.7634,-0.8847,71211
Head development,6,0.1944,0.93925,0.90785,0.99355,0.56,3.1619,0.68,-0.8768,3.94E+05
Head development,7,0.14405,0.981,0.12605,0.93565,7.6221,17.3907,0.9943,-0.8194,2.07E+06
Head development,7,0.1121,0.98665,0.13985,0.9459,7.5691,16.5065,0.9947,-0.8385,3.41E+06
Head development,7,0.146,0.98275,0.13075,0.93675,7.5976,17.8573,0.9945,-0.8267,1.36E+06
Head development,7,0.1637,0.9799,0.11965,0.93025,7.6032,16.91,0.9947,-0.8169,1.40E+06
Head development,7,0.1345,0.9846,0.12725,0.9386,7.619,17.4971,0.9949,-0.8294,4.46E+06
Head development,7,0.1424,0.98235,0.12025,0.9366,7.6285,17.389,0.995,-0.8264,4.22E+06
Head development,7,0.1353,0.98385,0.12395,0.93875,7.6888,17.0664,0.9949,-0.8278,3.01E+06
Head development,7,0.14625,0.98335,0.12495,0.93345,7.6868,17.1921,0.9944,-0.8146,1.71E+06
Head development,7,0.10925,0.9868,0.121,0.94585,7.6098,17.0939,0.9952,-0.8364,5.91E+05
Head development,7,0.1768,0.97715,0.12065,0.9222,7.6927,18.139,0.994,-0.7968,1.51E+06
Head development,7,0.15725,0.979,0.1174,0.92795,7.6576,16.5587,0.9942,-0.8072,6.03E+06
Head development,7,0.13545,0.98165,0.12785,0.93425,7.6138,15.3928,0.994,-0.8131,1.92E+06
Head development,7,0.1619,0.9803,0.1252,0.9275,7.6332,18.0363,0.9937,-0.7981,5.61E+06
Head development,7,0.1658,0.9788,0.1181,0.9258,7.6568,15.8316,0.9943,-0.8049,6.31E+05
Head development,7,0.16655,0.9778,0.12265,0.9243,7.6096,15.853,0.9937,-0.796,1.39E+06
Head development,7,0.21415,0.97355,0.11095,0.91605,7.7812,22.7766,0.9941,-0.785,5.59E+06
Head development,7,0.20535,0.97605,0.11635,0.9178,7.6783,18.1794,0.9937,-0.7852,5.21E+05
Head development,7,0.18375,0.97215,0.1172,0.92005,7.6468,16.7742,0.9932,-0.789,1.35E+06
Head development,7,0.15265,0.9805,0.11925,0.92955,7.6937,16.143,0.9943,-0.8096,2.06E+06
Head development,7,0.12145,0.9849,0.1211,0.94195,7.6938,16.2915,0.9953,-0.8332,7.93E+05
Head development,7,0.17045,0.9799,0.12055,0.9271,7.6711,15.9488,0.9943,-0.8084,2.38E+06
Head development,7,0.14655,0.98025,0.1176,0.93235,7.6456,16.546,0.9946,-0.8153,1.33E+06
Head development,7,0.17385,0.98075,0.1197,0.92515,7.6952,17.0803,0.9942,-0.8026,4.92E+06
Head development,7,0.1629,0.98135,0.1209,0.9281,7.6529,16.7226,0.9941,-0.8058,1.81E+06
Head development,7,0.16575,0.97645,0.11465,0.92925,7.7051,19.268,0.9944,-0.8084,5.14E+06
Head development,7,0.15515,0.9807,0.11335,0.9289,7.7017,16.6783,0.9946,-0.8105,3.38E+06
Head development,7,0.15585,0.9825,0.1233,0.9301,7.6339,16.6323,0.9941,-0.8085,4.15E+05
Head development,7,0.12135,0.98515,0.12095,0.94055,7.6562,16.963,0.9948,-0.8272,3.64E+06
Head development,7,0.14715,0.98015,0.1211,0.93345,7.6808,15.1347,0.9945,-0.8151,1.35E+06
Head development,7,0.15225,0.97645,0.1207,0.93055,7.5951,17.3323,0.9939,-0.805,2.23E+06
Harvest,8,0.1734,0.9677,0.1426,0.93015,7.3961,13.3307,0.9922,-0.8069,4.82E+05
Harvest,8,0.18525,0.9712,0.1281,0.9406,7.5331,18.0101,0.9949,-0.8344,4.76E+05
Harvest,8,0.1511,0.9793,0.1269,0.9405,7.5137,16.6945,0.9953,-0.8471,5.71E+05
Harvest,8,0.14925,0.97415,0.1265,0.9361,7.5458,22.4742,0.9949,-0.836,6.83E+05
Harvest,8,0.10035,0.98705,0.1359,0.9557,7.3508,24.3472,0.9956,-0.8691,6.30E+05
Harvest,8,0.18715,0.97465,0.11,0.9247,7.3516,21.5891,0.9942,-0.8044,7.22E+05
Harvest,8,0.16935,0.98105,0.12145,0.9389,7.1875,21.7813,0.995,-0.8344,5.30E+05
Harvest,8,0.1467,0.9835,0.11835,0.9395,7.1986,21.0416,0.9953,-0.8402,4.99E+05
Harvest,8,0.102,0.988,0.1315,0.957,7.2758,22.816,0.9959,-0.876,6.67E+05
Harvest,8,0.1372,0.98485,0.12385,0.9424,7.3033,21.4915,0.9951,-0.8392,6.86E+05
Harvest,8,0.1171,0.98545,0.1288,0.95105,7.4087,23.5796,0.9956,-0.8601,1.46E+06
Harvest,8,0.10585,0.98605,0.1357,0.9562,7.3755,23.5867,0.9957,-0.8728,5.68E+05
Harvest,8,0.119,0.98845,0.11405,0.94995,7.7367,24.0054,0.9971,-0.8747,4.72E+05
Harvest,8,0.0879,0.99145,0.1139,0.9599,7.6525,22.3186,0.9975,-0.8969,4.95E+05
Harvest,8,0.0965,0.98935,0.1223,0.95685,7.4813,19.7717,0.997,-0.8869,4.68E+05
Harvest,8,0.08365,0.99035,0.11805,0.95935,7.5667,22.2356,0.9972,-0.8875,3.37E+05
Harvest,8,0.14745,0.98565,0.1121,0.9378,7.7078,26.7975,0.9963,-0.8392,6.32E+05
Harvest,8,0.09245,0.9895,0.1165,0.9586,7.674,21.5392,0.9972,-0.8821,1.51E+06
Harvest,8,0.1094,0.988,0.1132,0.95275,7.7319,23.1411,0.9971,-0.8797,5.34E+05
Harvest,8,0.11545,0.9877,0.1185,0.95155,7.7226,24.2535,0.997,-0.8786,8.37E+05
Harvest,8,0.1193,0.9874,0.1123,0.94745,7.7181,24.0516,0.997,-0.8714,8.65E+05
Harvest,8,0.10155,0.9889,0.11635,0.9551,7.7235,23.1059,0.9972,-0.8848,6.65E+05
Harvest,8,0.1174,0.9865,0.12155,0.9532,7.6538,23.1088,0.9969,-0.8785,6.79E+05
Harvest,8,0.1417,0.9812,0.10995,0.9375,7.5961,21.5919,0.9962,-0.8469,1.38E+06
Harvest,8,0.1388,0.98365,0.1061,0.94125,7.6347,22.3795,0.9967,-0.8573,2.07E+06
Harvest,8,0.1324,0.9843,0.11365,0.9422,7.6149,21.5883,0.9964,-0.8547,7.49E+05
Harvest,8,0.13515,0.9859,0.10325,0.9424,7.7392,24.8995,0.997,-0.8623,2.38E+06
Harvest,8,0.124,0.98655,0.11715,0.94835,7.6951,22.2126,0.9969,-0.8726,2.31E+06
Harvest,8,0.14785,0.98225,0.10955,0.93605,7.6678,21.9804,0.9965,-0.85,6.63E+05
Harvest,8,0.1217,0.98675,0.11675,0.95165,7.5838,19.6335,0.9968,-0.8729,4.84E+05
Harvest,9,0.1981,0.97205,0.10705,0.9132,7.6104,16.5921,0.9937,-0.7844,5.39E+06
Harvest,9,0.18205,0.9713,0.11105,0.91625,7.5563,16.2751,0.9933,-0.7842,6.52E+06
Harvest,9,0.1779,0.97775,0.12015,0.9233,7.554,15.5675,0.9942,-0.7999,2.53E+06
Harvest,9,0.1852,0.97585,0.1153,0.91895,7.6198,15.7917,0.9941,-0.7966,4.58E+06
Harvest,9,0.1407,0.98195,0.12225,0.9343,7.5389,15.5506,0.9947,-0.8207,4.03E+06
Harvest,9,0.20465,0.9734,0.11125,0.9157,7.5553,16.6048,0.9936,-0.7841,2.82E+06
Harvest,9,0.11935,0.9789,0.1458,0.94635,7.461,17.7455,0.9939,-0.8433,5.35E+06
Harvest,9,0.16435,0.9699,0.12095,0.9218,7.5853,14.5195,0.9923,-0.7801,6.84E+06
Harvest,9,0.1999,0.9753,0.10565,0.9152,7.67,17.1788,0.9944,-0.7895,3.53E+06
Harvest,9,0.15665,0.98185,0.1236,0.92915,7.5008,15.6805,0.9944,-0.8107,2.74E+06
Harvest,9,0.1802,0.97605,0.11085,0.9175,7.6435,19.4809,0.9944,-0.7941,1.50E+06
Harvest,9,0.1557,0.97665,0.11715,0.92775,7.5537,15.3061,0.9941,-0.8054,3.58E+06
Harvest,9,0.1464,0.9811,0.1175,0.93185,7.5443,16.2497,0.9948,-0.8176,2.54E+06
Harvest,9,0.10965,0.9873,0.13415,0.94865,7.6679,15.451,0.9956,-0.8494,2.63E+06
Harvest,9,0.1499,0.98345,0.1368,0.9349,7.5645,15.1525,0.9945,-0.821,2.12E+06
Harvest,9,0.1553,0.9812,0.11535,0.9308,7.6287,17.4622,0.9951,-0.8177,3.79E+06
Harvest,9,0.1485,0.9773,0.1193,0.9298,7.5836,15.5697,0.9941,-0.8049,4.45E+06
Harvest,9,0.14985,0.97875,0.11795,0.9291,7.5937,15.7646,0.9944,-0.8059,1.88E+06
Harvest,9,0.13665,0.9828,0.1201,0.93665,7.5623,15.9333,0.995,-0.8251,5.52E+06
Harvest,9,0.156,0.97745,0.11695,0.9267,7.6293,17.2578,0.9944,-0.8059,1.31E+06
Harvest,9,0.16345,0.97825,0.12045,0.9216,7.5682,18.1085,0.9943,-0.7996,6.97E+06
Harvest,9,0.14815,0.9808,0.10625,0.9303,7.7319,19.3753,0.9954,-0.8142,2.97E+06
Harvest,9,0.1244,0.9842,0.1194,0.939,7.6101,15.6048,0.9952,-0.8282,1.04E+06
Harvest,9,0.14475,0.977,0.1418,0.93525,7.4932,19.3394,0.9936,-0.8193,4.18E+06
Harvest,9,0.17335,0.97615,0.11005,0.9219,7.5293,16.2726,0.9943,-0.7977,2.31E+06
Harvest,9,0.12245,0.98485,0.1139,0.93945,7.6418,19.5064,0.9956,-0.8286,2.50E+06
Harvest,9,0.14775,0.9814,0.10685,0.93155,7.6795,19.5385,0.9955,-0.8174,3.18E+06
Harvest,9,0.15295,0.9824,0.1123,0.92885,7.5809,17.6179,0.9951,-0.8136,3.56E+06
Harvest,9,0.14895,0.97855,0.119,0.92935,7.6591,17.6275,0.9947,-0.8103,2.42E+06
Harvest,9,0.2041,0.9691,0.1119,0.9149,7.6329,16.5306,0.9933,-0.7798,2.29E+06
Harvest,10,0.1611,0.9717,0.1245,0.92575,7.5666,14.1748,0.9923,-0.7883,3.52E+06
Harvest,10,0.15575,0.97725,0.11385,0.92795,7.6754,16.29,0.9943,-0.8037,3.23E+06
Harvest,10,0.1315,0.9761,0.12735,0.9381,7.6293,19.701,0.9943,-0.8186,3.03E+06
Harvest,10,0.16335,0.97495,0.11435,0.92355,7.6019,16.0094,0.9936,-0.7925,7.00E+06
Harvest,10,0.15035,0.97545,0.1247,0.9294,7.6456,23.7799,0.9935,-0.8024,5.62E+06
Harvest,10,0.1517,0.97755,0.1179,0.92925,7.7253,23.1196,0.9945,-0.8072,7.50E+06
Harvest,10,0.17035,0.9732,0.12345,0.9209,7.6638,19.6633,0.9935,-0.7965,3.60E+06
Harvest,10,0.1023,0.9794,0.1502,0.9496,7.4412,15.347,0.9936,-0.8372,8.31E+06
Harvest,10,0.1818,0.9774,0.1076,0.9198,7.6603,17.0968,0.9944,-0.7945,4.41E+06
Harvest,10,0.15745,0.97985,0.11995,0.92735,7.5458,16.9713,0.9938,-0.8018,3.83E+06
Harvest,10,0.14925,0.98035,0.12655,0.9296,7.468,16.4733,0.9933,-0.8025,3.37E+06
Harvest,10,0.15355,0.9785,0.1159,0.9282,7.5647,17.2109,0.994,-0.8039,3.33E+06
Harvest,10,0.1315,0.98295,0.1282,0.93735,7.4963,14.8962,0.9948,-0.8309,4.96E+06
Harvest,10,0.11345,0.9833,0.13185,0.94485,7.563,16.236,0.9944,-0.8355,5.36E+06
Harvest,10,0.13475,0.979,0.1302,0.9378,7.5894,17.328,0.9941,-0.8204,5.61E+06
Harvest,10,0.14045,0.982,0.1154,0.9337,7.5817,17.8979,0.9951,-0.8195,2.68E+06
Harvest,10,0.1364,0.98335,0.12015,0.9355,7.5297,17.2455,0.9949,-0.8223,1.56E+06
Harvest,10,0.1652,0.9782,0.12255,0.9259,7.5168,15.2621,0.9941,-0.806,4.69E+06
Harvest,10,0.1715,0.9795,0.11505,0.92215,7.5445,16.0495,0.9944,-0.8007,1.78E+06
Harvest,10,0.1563,0.9813,0.11805,0.9271,7.5769,17.0395,0.9947,-0.8071,1.93E+06
Harvest,10,0.18675,0.9732,0.1139,0.9155,7.5348,14.8353,0.9931,-0.7837,2.65E+06
Harvest,10,0.14025,0.97695,0.1317,0.9413,7.5155,16.709,0.9941,-0.8301,5.75E+06
Harvest,10,0.12975,0.98495,0.1172,0.9374,7.5513,18.2795,0.9954,-0.8273,3.16E+06
Harvest,10,0.1295,0.98355,0.12695,0.93745,7.4214,15.3464,0.9946,-0.8243,2.74E+06
Harvest,10,0.1712,0.97435,0.1136,0.92095,7.5853,16.6045,0.9937,-0.7909,1.82E+06
Harvest,10,0.10955,0.97855,0.15245,0.94975,7.4549,17.1275,0.9937,-0.8464,5.12E+06
Harvest,10,0.18045,0.97895,0.11465,0.91885,7.5289,16.1537,0.9942,-0.7965,4.10E+06
Harvest,10,0.1731,0.9765,0.11745,0.9202,7.4909,16.135,0.9934,-0.7922,3.68E+06
Harvest,10,0.1853,0.97595,0.10565,0.91905,7.5096,17.7614,0.9946,-0.7957,3.56E+06
Harvest,10,0.1278,0.98285,0.1225,0.9381,7.5163,16.3424,0.9947,-0.8251,5.15E+06
